<?xml version="1.0" encoding="UTF-8" standalone="no" ?>
<application xmlns="http://ns.adobe.com/air/application/17.0">
  <id>leonelserra.orderit</id>
  <versionNumber>1.0.15</versionNumber>
  <versionLabel/>
  <filename>Orderit</filename>
  <description/>
<!-- To localize the description, use the following format for the description element.<description><text xml:lang="en">English App description goes here</text><text xml:lang="fr">French App description goes here</text><text xml:lang="ja">Japanese App description goes here</text></description>-->
  <name>Orderit</name>
<!-- To localize the name, use the following format for the name element.<name><text xml:lang="en">English App name goes here</text><text xml:lang="fr">French App name goes here</text><text xml:lang="ja">Japanese App name goes here</text></name>-->
  <copyright/>
  <initialWindow>
    <content>Orderit.swf</content>
    <systemChrome>standard</systemChrome>
    <transparent>false</transparent>
    <visible>true</visible>
    <fullScreen>true</fullScreen>
    <aspectRatio>portrait</aspectRatio>
    <renderMode>gpu</renderMode>
    <autoOrients>false</autoOrients></initialWindow>
  <icon>
    <image36x36>icon_36x36.png</image36x36>
    <image48x48>icon48x48.png</image48x48>
    <image72x72>icon72x72.png</image72x72>
  </icon>
  <customUpdateUI>false</customUpdateUI>
  <allowBrowserInvocation>false</allowBrowserInvocation>
  <android>
    <manifestAdditions>
      <![CDATA[<manifest>
<uses-permission android:name="android.permission.WAKE_LOCK"/>
</manifest>]]>
    </manifestAdditions>
  </android>
</application>
