<?xml version="1.0" encoding="UTF-8" standalone="no" ?>
<application xmlns="http://ns.adobe.com/air/application/15.0">
  <id>screen</id>
  <versionNumber>1.0.0</versionNumber>
  <versionLabel/>
  <filename>screenSize</filename>
  <description/>
<!-- To localize the description, use the following format for the description element.<description><text xml:lang="en">English App description goes here</text><text xml:lang="fr">French App description goes here</text><text xml:lang="ja">Japanese App description goes here</text></description>-->
  <name>screenSize</name>
<!-- To localize the name, use the following format for the name element.<name><text xml:lang="en">English App name goes here</text><text xml:lang="fr">French App name goes here</text><text xml:lang="ja">Japanese App name goes here</text></name>-->
  <copyright/>
  <initialWindow>
    <content>screen.swf</content>
    <systemChrome>standard</systemChrome>
    <transparent>false</transparent>
    <visible>true</visible>
    <fullScreen>true</fullScreen>
    <renderMode>cpu</renderMode>
    <autoOrients>false</autoOrients>
    <maximizable>false</maximizable>
    <minimizable>false</minimizable>
    <resizable>false</resizable>
    <aspectRatio>portrait</aspectRatio></initialWindow>
  <icon/>
  <customUpdateUI>false</customUpdateUI>
  <allowBrowserInvocation>false</allowBrowserInvocation>
  <android>
    <manifestAdditions>
      <![CDATA[<manifest><uses-permission android:name="android.permission.WAKE_LOCK"/></manifest>]]>
    </manifestAdditions>
  </android>
  <supportedProfiles>desktop </supportedProfiles>
  <!-- GooglePlay Games Services -->
    <meta-data android:name="com.google.android.gms.games.APP_ID" android:value="\ YOUR_APP_ID" />
    <activity android:name="com.freshplanet.googleplaygames.SignInActivity" android:theme="@android:style/Theme.Translucent.NoTitleBar.Fullscreen" />
</application>
